{
	"credit": "Made with Blockbench",
	"parent": "item/handheld",
	"textures": {
		"layer0": "item/werewolve_claws"
	},
	"display": {
		"thirdperson_righthand": {
			"rotation": [-80, 174, 45],
			"translation": [0, -0.75, -3.75],
			"scale": [1, 1, 0.7]
		},
		"thirdperson_lefthand": {
			"rotation": [-80, -3, -45],
			"translation": [0.25, -0.25, -3.75],
			"scale": [1, 1, 0.7]
		},
		"firstperson_righthand": {
			"rotation": [0, -90, 50],
			"translation": [1.13, 6.2, -2.13],
			"scale": [1, 1, 0.5]
		},
		"firstperson_lefthand": {
			"rotation": [0, 90, -60],
			"translation": [1.13, 6.2, -2.13],
			"scale": [1, 1, 0.5]
		},
		"fixed": {
			"rotation": [0.5, 0.1, 0],
			"translation": [0, 0, -0.95],
			"scale": [2, 2, 1]
		}
	}
}