{
  "parent": "item/generated",
  "textures": {
    "layer0": "items/empty_armor_slot_shield"
  },
  "display": {
    "thirdperson_righthand": {
      "rotation": [ 0, 90, 0 ],
      "translation": [ 3.5, -2, 3 ],
      "scale": [ 1.5, 1.5, 0.75 ]
    },
    "thirdperson_lefthand": {
      "rotation": [ 0, 270, 0 ],
      "translation": [ 3.5, -2, 3 ],
      "scale": [ 1.5, 1.5, 0.75 ]
    },
    "firstperson_righthand": {
      "rotation": [ 9, 181, -4 ],
      "translation": [ 0, -8, -3 ],
      "scale": [ 1.5, 1.5, 0.75 ]
    },
    "firstperson_lefthand": {
      "rotation": [ 9, 1, -4 ],
      "translation": [ 0, -8, -3 ],
      "scale": [ 1.5, 1.5, 0.75 ]
    },
    "gui": {
      "rotation": [ 0, 0, -0 ],
      "translation": [ 0, 0, -10 ],
      "scale": [ 1, 1, 1 ]
    },
    "fixed": {
      "rotation": [ 0.2, 180.2, 0.2 ],
      "translation": [ 0, 0, -0.9 ],
      "scale": [ 1.0, 1.0, 0.4 ]
    },
    "ground": {
      "rotation": [ 0, 0, 0 ],
      "translation": [ 0, 2, -1.4],
      "scale":[ 1.0, 1.0, 0.4 ]
    }
  }
}
