{
  "parent": "item/generated",
  "textures": {
    "layer0": "items/empty_armor_slot_shield"
  },
  "display": {
    "thirdperson_righthand": {
      "rotation": [ 45, 135, 0 ],
      "translation": [ 3, -2, -1 ],
      "scale": [ 1.5, 1.5, 0.75 ]
    },
    "thirdperson_lefthand": {
      "rotation": [ 45, 135, 0 ],
      "translation": [ 3, -2, -1 ],
      "scale": [ 1.5, 1.5, 0.75 ]
    },
    "firstperson_righthand": {
      "rotation": [ 0, 0, 5 ],
      "translation": [ -3.5, -6, -2.5 ],
      "scale": [ 1.5, 1.5, 0.75 ]
    },
    "firstperson_lefthand": {
      "rotation": [ 0, 0, 5 ],
      "translation": [ -3.5, -6, -2.5 ],
      "scale": [ 1.5, 1.5, 0.75 ]
    },
    "gui": {
      "rotation": [ 0, 0, -0 ],
      "translation": [ 0, 0, -10 ],
      "scale": [ 1.0, 1.0, 1.0 ]
    }
  }
}
